{
    "H1": [
        "father"
    ],
    "H2": [
        "father"
    ],
    "H113": [
        "lord"
    ],
    "H120": [
        "man",
        "man's",
        "a man"
    ],
    "H123": [
        "stuff"
    ],
    "H126": [
        "lord"
    ],
    "H127": [
        "ground"
    ],
    "H136": [
        "lord"
    ],
    "H216": [
        "light"
    ],
    "H376": [
        "man",
        "man's"
    ],
    "H410": [
        "God",
        "mighty God"
    ],
    "H430": [
        "God"
    ],
    "H776": [
        "land"
    ],
    "H802": [
        "woman"
    ],
    "H922": [
        "emptiness"
    ],
    "H1004": [
        "house"
    ],
    "H1121": [
        "son"
    ],
    "H1285": [
        "covenant"
    ],
    "H1368": [
        "mighty men",
        "mighty one",
        "mighty man",
        "valiant men",
        "that excel",
        "mighty men's"
    ],
    "H1419": [
        "great men",
        "great"
    ],
    "H1471": [
        "people",
        "nations"
    ],
    "H1588": [
        "garden"
    ],
    "H1818": [
        "blood"
    ],
    "H1892": [
        "vanity"
    ],
    "H1897": [
        "meditate",
        "mutter"
    ],
    "H2450": [
        "wise men",
        "expert"
    ],
    "H2451": [
        "wisdom"
    ],
    "H2617": [
        "merciful kindness",
        "wicked thing",
        "lovingkindness",
        "mercy"
    ],
    "H2895": [
        "good"
    ],
    "H2896": [
        "good"
    ],
    "H3444": [
        "salvation"
    ],
    "H3519": [
        "glory"
    ],
    "H3820": [
        "heart",
        "will"
    ],
    "H3824": [
        "heart"
    ],
    "H3899": [
        "bread"
    ],
    "H3917": [
        "screech owl"
    ],
    "H3966": [
        "muchness",
        "sore"
    ],
    "H4150": [
        "appointed time",
        "set time",
        "time appointed",
        "appointed season",
        "solemn feasts",
        "set feasts",
        "appointed times",
        "solemn feast",
        "solemn assembly"
    ],
    "H4325": [
        "waters"
    ],
    "H4397": [
        "angel"
    ],
    "H4428": [
        "king"
    ],
    "H4886": [
        "anoint",
        "smear"
    ],
    "H4899": [
        "anointed"
    ],
    "H4941": [
        "right",
        "an ordinance",
        "manner of law",
        "worthy of",
        "due order"
    ],
    "H5117": [
        "rest",
        "set down",
        "let down"
    ],
    "H5146": [
        "Noah"
    ],
    "H5172": [
        "enchanter",
        "use enchantment",
        "interprets omens",
        "diligently observe",
        "used enchantments",
        "learned by experience"
    ],
    "H5173": [
        "enchantment"
    ],
    "H5174": [
        "copper",
        "bronze"
    ],
    "H5175": [
        "snake"
    ],
    "H5303": [
        "giants"
    ],
    "H5315": [
        "soul"
    ],
    "H5828": [
        "help meet"
    ],
    "H6086": [
        "tree"
    ],
    "H6453": [
        "Passover"
    ],
    "H6635": [
        "war",
        "army",
        "host of them"
    ],
    "H6666": [
        "righteous acts",
        "righteousness"
    ],
    "H6918": [
        "holy",
        "Holy One",
        "saints"
    ],
    "H6944": [
        "sacredness",
        "holiness"
    ],
    "H7160": [
        "radiate",
        "shone"
    ],
    "H7161": [
        "horn"
    ],
    "H7307": [
        "spirit",
        "wind"
    ],
    "H7308": [
        "spirit",
        "wind"
    ],
    "H7451": [
        "evil"
    ],
    "H7673": [
        "stop",
        "put away",
        "took away"
    ],
    "H7965": [
        "peace"
    ],
    "H8034": [
        "name",
        "name thereof"
    ],
    "H8064": [
        "heaven"
    ],
    "H8065": [
        "heavens"
    ],
    "H8085": [
        "hear",
        "obey"
    ],
    "H8086": [
        "hear",
        "obey"
    ],
    "H8414": [
        "without form",
        "to nothing",
        "empty place"
    ],
    "H8415": [
        "depths"
    ],
    "H8451": [
        "law"
    ],
    "H8452": [
        "law"
    ],
    "H8577": [
        "dragon"
    ],
    "H5946": [
        "Most High"
    ],
    "H6119": [
        "heel"
    ]
}